Table 1

Create table Customers (customer_id bigint Primary key,
first_name varchar not null,
last_name varchar not null,
phone varchar ,
email varchar,
street varchar,
city varchar,
state varchar,
zip_code bigint)

select * from Customers


insert into Customers(customer_id,first_name,last_name,phone,email,street,city,state,zip_code)
values
(1,'Debra','Burks','NULL','debra.burks@yahoo.com','9273ThorneAve.','OrchardPark','NY',14127),
(2,'Kasha','Todd','NULL','kasha.todd@yahoo.com','910VineStreet','Campbell','CA',95008),
(3,'Tameka','Fisher','NULL','tameka.fisher@aol.com','769CHoneyCreekSt.','RedondoBeach','CA',90278),
(4,'Daryl','Spence','NULL','daryl.spence@aol.com','988PearlLane','Uniondale','NY',11553),
(5,'Charolette','Rice','(916)381-6003','charolette.rice@msn.com','107RiverDr.','Sacramento','CA',95820),
(6,'Lyndsey','Bean','0','lyndsey.bean@hotmail.com','769 West Road ','Fairport','NY',14450),
(7,'Latasha','Hays','716 986 3359','latasha.hays@hotmail.com','7014 Manor Station Rd. ','Buffalo','NY',14215),
(8,'Jacquline','Duncan','0','jacquline.duncan@yahoo.com','15 Brown St. ','Jackson Heights','NY',11372),
(9,'Genoveva','Baldwin','0','genoveva.baldwin@msn.com','8550 Spruce Drive ','Port Washington','NY',11050),
(10,'Pamelia','Newman','0','pamelia.newman@gmail.com','476 Chestnut Ave. ','Monroe','NY',10950),
(11,'Deshawn','Mendoza','0','deshawn.mendoza@yahoo.com','8790 Cobblestone Street ','Monsey','NY',10952),
(12,'Robby','Sykes','516 583 7761','robby.sykes@hotmail.com','486 Rock Maple Street ','Hempstead','NY',11550),
(13,'Lashawn','Ortiz','0','lashawn.ortiz@msn.com','27 Washington Rd. ','Longview','TX',75604),
(14,'Garry','Espinoza','0','garry.espinoza@hotmail.com','7858 Rockaway Court ','Forney','TX',75126),
(15,'Linnie','Branch','0','linnie.branch@gmail.com','314 South Columbia Ave. ','Plattsburgh','NY',12901),
(16,'Emmitt','Sanchez','212 945 8823','emmitt.sanchez@hotmail.com','461 Squaw Creek Road ','New York','NY',10002),
(17,'Caren','Stephens','0','caren.stephens@msn.com','914 Brook St. ','Scarsdale','NY',10583),
(18,'Georgetta','Hardin','0','georgetta.hardin@aol.com','474 Chapel Dr. ','Canandaigua','NY',14424),
(19,'Lizzette','Stein','0','lizzette.stein@yahoo.com','19 Green Hill Lane ','Orchard Park','NY',14127),
(20,'Aleta','Shepard','0','aleta.shepard@aol.com','684 Howard St. ','Sugar Land','TX',77478),
(21,'Tobie','Little','0','tobie.little@gmail.com','10 Silver Spear Dr. ','Victoria','TX',77904),
(22,'Adelle','Larsen','0','adelle.larsen@gmail.com','683 West Kirkland Dr. ','East Northport','NY',11731),
(23,'Kaylee','English','0','kaylee.english@msn.com','8786 Fulton Rd. ','Hollis','NY',11423),
(24,'Corene','Wall','0','corene.wall@msn.com','9601 Ocean Rd. ','Atwater','CA',95301),
(25,'Regenia','Vaughan','0','regenia.vaughan@gmail.com','44 Stonybrook Street ','Mahopac','NY',10541),
(26,'Theo','Reese','562 215 2907','theo.reese@gmail.com','8755 W. Wild Horse St. ','Long Beach','NY',11561),
(27,'Santos','Valencia','0','santos.valencia@yahoo.com','7479 Carpenter Street ','Sunnyside','NY',11104),
(28,'Jeanice','Frost','0','jeanice.frost@hotmail.com','76 Devon Lane ','Ossining','NY',10562),
(29,'Syreeta','Hendricks','0','syreeta.hendricks@msn.com','193 Spruce Road ','Mahopac','NY',10541),
(30,'Jamaal','Albert','0','jamaal.albert@gmail.com','853 Stonybrook Street ','Torrance','CA',90505),
(31,'Williemae','Holloway','510 246 8375','williemae.holloway@msn.com','69 Cypress St. ','Oakland','CA',94603),
(32,'Araceli','Golden','0','araceli.golden@msn.com','12 Ridgeview Ave. ','Fullerton','CA',92831),
(33,'Deloris','Burke','0','deloris.burke@hotmail.com','895 Edgemont Drive ','Palos Verdes Peninsula','CA',90274),
(34,'Brittney','Woodward','0','brittney.woodward@aol.com','960 River St. ','East Northport','NY',11731),
(35,'Guillermina','Noble','0','guillermina.noble@msn.com','6 Del Monte Lane ','Baldwinsville','NY',13027),
(36,'Bernita','Mcdaniel','0','bernita.mcdaniel@hotmail.com','2 Peg Shop Ave. ','Liverpool','NY',13090),
(37,'Melia','Brady','0','melia.brady@gmail.com','907 Shirley Rd. ','Maspeth','NY',11378),
(38,'Zelma','Browning','0','zelma.browning@aol.com','296 Second Street ','Astoria','NY',11102),
(39,'Janetta','Aguirre','717 670 2634','janetta.aguirre@aol.com','214 Second Court ','Lancaster','NY',14086),
(40,'Ronna','Butler','0','ronna.butler@gmail.com','9438 Plymouth Court ','Encino','CA',91316),
(41,'Kathie','Freeman','0','kathie.freeman@msn.com','667 Temple Dr. ','Queensbury','NY',12804),
(42,'Tangela','Quinn','0','tangela.quinn@aol.com','4 S. Purple Finch Road ','Richmond Hill','NY',11418),
(43,'Mozelle','Carter','281 489 9656','mozelle.carter@aol.com','895 Chestnut Ave. ','Houston','TX',77016),
(44,'Onita','Johns','0','onita.johns@msn.com','32 Glen Creek Lane ','Elmont','NY',11003),
(45,'Bennett','Armstrong','0','bennett.armstrong@aol.com','688 Walnut Street ','Bethpage','NY',11714),
(46,'Monika','Berg','0','monika.berg@gmail.com','369 Vernon Dr. ','Encino','CA',91316),
(47,'Bridgette','Guerra','0','bridgette.guerra@hotmail.com','9982 Manor Drive ','San Lorenzo','CA',94580),
(48,'Cesar','Jackson','0','cesar.jackson@gmail.com','8068 N. Griffin Ave. ','Liverpool','NY',13090),
(49,'Caroll','Hays','0','caroll.hays@yahoo.com','9381 Wrangler St. ','Fairport','NY',14450),
(50,'Cleotilde','Booth','0','cleotilde.booth@gmail.com','17 Corona St. ','Sugar Land','TX',77478),
(51,'Gertrud','Rhodes','0','gertrud.rhodes@aol.com','9961 Meadowbrook Street ','Merrick','NY',11566),
(52,'Tu','Ramirez','0','tu.ramirez@hotmail.com','24 W. Courtland Street ','East Elmhurst','NY',11369),
(53,'Saturnina','Garner','0','saturnina.garner@gmail.com','8538 Fairground St. ','Glendora','CA',91740),
(54,'Fran','Yang','0','fran.yang@hotmail.com','440 Pearl St. ','Utica','NY',13501),
(55,'Diana','Guerra','0','diana.guerra@hotmail.com','45 Chapel Ave. ','Merrick','NY',11566),
(56,'Lolita','Mosley','281 363 3309','lolita.mosley@hotmail.com','376 S. High Ridge St. ','Houston','TX',77016),
(57,'Pamala','Henry','0','pamala.henry@aol.com','197 Bridgeton Ave. ','Bronx','NY',10451),
(58,'Damien','Dorsey','0','damien.dorsey@yahoo.com','161 Old York Street ','Central Islip','NY',11722),
(59,'Latasha','Stanley','0','latasha.stanley@gmail.com','8068 Fordham Drive ','Rockville Centre','NY',11570),
(60,'Neil','Mccall','0','neil.mccall@gmail.com','7476 Oakland Dr. ','San Carlos','CA',94070)

________________________________________________________________________________________
table

create table orders ( order_id bigint primary key,
customer_id bigint not null,
order_status boolean  default true,
order_date  date not null,
req_date date not null,
shipping_date date not null,
store_id bigint not null,
staff_id bigint not null,
CONSTRAINT fk_orders_Customers FOREIGN Key (customer_id) REFERENCES Customers(customer_id)
)
select * from orders

insert into orders (order_id,customer_id,order_status,order_date,req_date,shipping_date,store_id,staff_id)
values
(6,60,'TRUE','2016-01-04','2016-01-07','2016-01-05',2,6),
(7,34,'TRUE','2016-01-04','2016-01-07','2016-01-05',2,6),
(8,28,'TRUE','2016-01-04','2016-01-05','2016-01-05',2,7),
(9,32,'TRUE','2016-01-05','2016-01-08','2016-01-08',1,2),
(10,50,'FALSE','2016-01-05','2016-01-06','2016-01-06',2,6),
(11,56,'FALSE','2016-01-05','2016-01-08','2016-01-07',2,7),
(12,1,'FALSE','2016-01-06','2016-01-08','2016-01-09',1,2),
(13,56,'FALSE','2016-01-08','2016-01-11','2016-01-11',2,6),
(14,1,'TRUE','2016-01-09','2016-01-11','2016-01-12',1,3),
(15,28,'FALSE','2016-01-09','2016-01-10','2016-01-12',2,7),
(16,18,'FALSE','2016-01-12','2016-01-15','2016-01-15',1,3),
(17,24,'TRUE','2016-01-12','2016-01-14','2016-01-14',1,3),
(18,24,'FALSE','2016-01-14','2016-01-17','2016-01-15',1,3),
(19,56,'FALSE','2016-01-14','2016-01-17','2016-01-16',1,2),
(20,43,'FALSE','2016-01-14','2016-01-16','2016-01-17',1,2),
(21,43,'FALSE','2016-01-15','2016-01-16','2016-01-18',2,6),
(22,11,'FALSE','2016-01-16','2016-01-18','2016-01-17',1,2),
(23,30,'TRUE','2016-01-16','2016-01-19','2016-01-19',1,2),
(24,5,'TRUE','2016-01-18','2016-01-20','2016-01-19',2,7),
(25,40,'TRUE','2016-01-18','2016-01-21','2016-01-21',2,6),
(26,50,'TRUE','2016-01-18','2016-01-21','2016-01-19',2,7),
(27,50,'FALSE','2016-01-19','2016-01-21','2016-01-20',2,7),
(28,58,'FALSE','2016-01-19','2016-01-20','2016-01-21',2,6),
(29,47,'FALSE','2016-01-20','2016-01-22','2016-01-21',2,6),
(30,58,'FALSE','2016-01-20','2016-01-21','2016-01-21',2,6),
(31,39,'TRUE','2016-01-20','2016-01-22','2016-01-22',3,8),
(32,3,'TRUE','2016-01-21','2016-01-24','2016-01-22',1,3),
(33,12,'TRUE','2016-01-21','2016-01-22','2016-01-22',2,6),
(34,43,'TRUE','2016-01-22','2016-01-25','2016-01-23',2,6),
(35,25,'TRUE','2016-01-22','2016-01-25','2016-01-24',2,7),
(36,50,'FALSE','2016-01-23','2016-01-24','2016-01-24',2,6),
(37,6,'FALSE','2016-01-25','2016-01-28','2016-01-26',2,6),
(38,19,'TRUE','2016-01-25','2016-01-27','2016-01-26',2,7),
(39,7,'TRUE','2016-01-25','2016-01-26','2016-01-26',2,7),
(40,28,'FALSE','2016-01-27','2016-01-28','2016-01-29',1,3),
(41,41,'FALSE','2016-01-27','2016-01-30','2016-01-29',2,6),
(42,38,'FALSE','2016-01-27','2016-01-28','2016-01-30',2,7),
(43,35,'TRUE','2016-01-27','2016-01-28','2016-01-30',2,7),
(44,14,'TRUE','2016-01-28','2016-01-31','2016-01-30',2,7),
(45,11,'TRUE','2016-01-28','2016-01-31','2016-01-31',2,7),
(46,46,'FALSE','2016-01-29','2016-01-31','2016-01-31',2,7),
(47,45,'FALSE','2016-01-29','2016-01-30','2016-01-31',2,7),
(48,27,'TRUE','2016-01-30','2016-02-01','2016-02-02',2,7),
(49,1,'FALSE','2016-01-31','2016-02-01','2016-02-02',2,6),
(50,58,'TRUE','2016-01-31','2016-02-03','2016-02-02',3,8),
(51,22,'TRUE','2016-02-01','2016-02-02','2016-02-03',2,7),
(52,28,'FALSE','2016-02-03','2016-02-04','2016-02-05',1,2),
(53,49,'TRUE','2016-02-03','2016-02-04','2016-02-05',2,6),
(54,47,'TRUE','2016-02-04','2016-02-07','2016-02-07',2,7),
(55,25,'TRUE','2016-02-04','2016-02-07','2016-02-06',2,6),
(56,28,'TRUE','2016-02-04','2016-02-06','2016-02-07',2,6),
(57,60,'TRUE','2016-02-04','2016-02-06','2016-02-06',2,7),
(58,1,'FALSE','2016-02-05','2016-02-07','2016-02-07',2,6),
(59,18,'FALSE','2016-02-05','2016-02-07','2016-02-06',2,7),
(60,52,'FALSE','2016-02-06','2016-02-08','2016-02-07',1,3)
--------------------------------------------------------------------

table3 

create table orderitem (order_id int not null,
item_id int,
product_id int,
quantity int,
list_price int,
discount int,
CONSTRAINT fk_orderitem_orders FOREIGN Key (order_id) REFERENCES orders(order_id)
)

select * from orderitem

insert  into  orderitem (order_id,item_id,product_id,quantity,list_price,discount)
values 
(6,1,18,1,449,0.07),
(6,2,12,2,549.99,0.05),
(6,3,20,1,599.99,0.1),
(6,4,3,2,999.99,0.07),
(6,5,9,2,2999.99,0.07),
(7,1,15,1,529.99,0.07),
(7,2,3,1,999.99,0.1),
(7,3,17,2,429,0.1),
(8,1,22,1,269.99,0.05),
(8,2,20,2,599.99,0.07),
(9,1,7,2,3999.99,0.1),
(10,1,14,1,269.99,0.1),
(11,1,8,1,1799.99,0.05),
(11,2,22,2,269.99,0.1),
(11,3,16,2,599.99,0.2),
(12,1,4,2,2899.99,0.1),
(12,2,11,1,1680.99,0.05),
(13,1,13,1,269.99,0.1),
(13,2,17,2,429,0.05),
(13,3,20,2,599.99,0.1),
(13,4,16,2,599.99,0.05),
(14,1,6,1,469.99,0.07),
(15,1,12,2,549.99,0.07),
(15,2,8,1,1799.99,0.07),
(15,3,18,2,449,0.05),
(15,4,23,2,299.99,0.2),
(16,1,8,1,1799.99,0.2),
(16,2,21,1,269.99,0.05),
(16,3,13,2,269.99,0.07),
(16,4,14,1,269.99,0.07),
(17,1,8,1,1799.99,0.07),
(17,2,23,1,299.99,0.1),
(17,3,5,1,1320.99,0.1),
(17,4,20,2,599.99,0.2),
(18,1,2,2,749.99,0.2),
(18,2,22,1,269.99,0.05),
(18,3,7,1,3999.99,0.1),
(18,4,25,2,499.99,0.05),
(18,5,9,2,2999.99,0.1),
(19,1,10,1,1549,0.07),
(19,2,9,2,2999.99,0.2),
(20,1,9,1,2999.99,0.07),
(20,2,10,2,1549,0.07),
(21,1,14,1,269.99,0.05),
(21,2,17,1,429,0.1),
(21,3,10,1,1549,0.07),
(22,1,15,2,529.99,0.2),
(22,2,22,1,269.99,0.05),
(23,1,4,2,2899.99,0.05),
(23,2,23,2,299.99,0.1),
(23,3,13,1,269.99,0.2),
(24,1,3,2,999.99,0.1),
(24,2,18,2,449,0.07),
(25,1,23,2,299.99,0.2),
(25,2,10,2,1549,0.2),
(25,3,22,1,269.99,0.2),
(25,4,14,1,269.99,0.2),
(25,5,21,1,269.99,0.1),
(26,1,7,1,3999.99,0.05),
(26,2,2,1,749.99,0.2),
(26,3,12,1,549.99,0.2),
(26,4,21,2,269.99,0.07),
(27,1,5,1,1320.99,0.2),
(27,2,19,1,449,0.2),
(27,3,26,2,599.99,0.07),
(27,4,8,1,1799.99,0.07),
(28,1,5,1,1320.99,0.05),
(28,2,7,2,3999.99,0.2),
(28,3,14,2,269.99,0.1),
(28,4,6,1,469.99,0.05),
(29,1,24,2,549.99,0.05),
(29,2,6,1,469.99,0.2),
(29,3,21,2,269.99,0.1),
(29,4,8,1,1799.99,0.2),
(29,5,14,2,269.99,0.05),
(30,1,26,1,599.99,0.05),
(30,2,17,1,429,0.07),
(30,3,19,1,449,0.1),
(30,4,4,1,2899.99,0.1),
(30,5,7,2,3999.99,0.1),
(31,1,11,2,1680.99,0.05),
(31,2,9,2,2999.99,0.2),
(32,1,8,2,1799.99,0.07),
(32,2,12,2,549.99,0.07),
(32,3,25,2,499.99,0.1),
(33,1,23,2,299.99,0.07),
(33,2,7,1,3999.99,0.1),
(34,1,8,2,1799.99,0.07),
(34,2,10,2,1549,0.1),
(34,3,17,2,429,0.2),
(35,1,18,1,449,0.05),
(35,2,20,2,599.99,0.05),
(35,3,5,1,1320.99,0.2),
(35,4,21,2,269.99,0.07),
(35,5,22,1,269.99,0.07),
(36,1,9,1,2999.99,0.07),
(36,2,5,1,1320.99,0.05),
(36,3,3,2,999.99,0.2),
(37,1,16,2,599.99,0.05),
(38,1,7,2,3999.99,0.05),
(38,2,23,1,299.99,0.07),
(38,3,25,1,499.99,0.2),
(38,4,10,2,1549,0.1),
(38,5,24,1,549.99,0.07),
(39,1,22,2,269.99,0.2),
(39,2,16,2,599.99,0.2),
(39,3,3,2,999.99,0.05),
(39,4,15,1,529.99,0.1),
(40,1,17,1,429,0.2),
(40,2,8,2,1799.99,0.2),
(41,1,5,1,1320.99,0.1),
(41,2,19,2,449,0.2),
(41,3,26,2,599.99,0.2),
(42,1,19,1,449,0.05),
(43,1,13,2,269.99,0.1),
(43,2,12,2,549.99,0.05),
(44,1,7,1,3999.99,0.1),
(44,2,16,1,599.99,0.05),
(45,1,4,2,2899.99,0.2),
(45,2,22,1,269.99,0.07),
(45,3,21,2,269.99,0.05),
(46,1,17,1,429,0.1),
(47,1,6,1,469.99,0.05),
(47,2,15,1,529.99,0.1),
(47,3,25,2,499.99,0.07),
(47,4,13,1,269.99,0.2),
(48,1,11,1,1680.99,0.1),
(48,2,4,1,2899.99,0.2),
(48,3,5,2,1320.99,0.1),
(48,4,14,2,269.99,0.07),
(49,1,13,2,269.99,0.07),
(50,1,3,1,999.99,0.05),
(50,2,26,2,599.99,0.07),
(50,3,13,2,269.99,0.2),
(51,1,13,1,269.99,0.05),
(51,2,20,1,599.99,0.05),
(51,3,26,2,599.99,0.2),
(52,1,25,1,499.99,0.07),
(53,1,8,2,1799.99,0.2),
(53,2,23,2,299.99,0.05),
(53,3,14,2,269.99,0.2),
(53,4,25,2,499.99,0.1),
(54,1,26,2,599.99,0.2),
(54,2,3,1,999.99,0.2),
(55,1,21,1,269.99,0.05),
(55,2,25,2,499.99,0.2),
(55,3,15,2,529.99,0.2),
(56,1,20,2,599.99,0.07),
(57,1,23,2,299.99,0.1),
(57,2,19,2,449,0.2),
(57,3,13,1,269.99,0.07),
(58,1,14,2,269.99,0.05),
(58,2,18,1,449,0.07),
(58,3,23,1,299.99,0.1),
(59,1,21,1,269.99,0.05),
(59,2,2,1,749.99,0.1),
(59,3,17,2,429,0.1),
(60,1,14,2,269.99,0.05),
(60,2,4,1,2899.99,0.1),
(60,3,15,1,529.99,0.07),
(60,4,22,1,269.99,0.2)
